Date_Time_LA,0.00001,0.0001,0.001,0.01,0.1,1,10,100,1000,10000,100000,1000000,0.00001_BTC_total,0.0001_BTC_total,0.001_BTC_total,0.01_BTC_total,0.1_BTC_total,1_BTC_total,10_BTC_total,100_BTC_total,1000_BTC_total,10000_BTC_total,100000_BTC_total,1000000_BTC_total,USD_0.00001_BTC,USD_0.0001_BTC,USD_0.001_BTC,USD_0.01_BTC,USD_0.1_BTC,USD_1_BTC,USD_10_BTC,USD_100_BTC,USD_1000_BTC,USD_10000_BTC,USD_100000_BTC,USD_1000000_BTC
2025-05-26 00:01:03 PDT-0700,6481463,11405411,13359108,11491554,7897842,3477461,837073,133236,16160,2015,90,4,37.58,479.29,5024,42339,267378,1072211,2077282,4292187,4691269,4534901,2221684,662463,4117261,52514932,550503209,4639022072,29295948203,117479446082,227602526640,470284106261,514010482837,496877610890,243424317072,72584417782
2025-05-26 12:01:04 PDT-0700,6484924,11408490,13349847,11484298,7897160,3477518,837127,133200,16165,2017,90,4,37.60,479.43,5018,42314,267396,1072222,2077341,4291775,4695084,4531720,2221670,662463,4110749,52414002,548633017,4625990114,29233000055,117220367322,227104629262,469196959740,513288592331,495428943571,242883413734,72423583541
2025-05-27 00:01:03 PDT-0700,6486227,11412144,13346862,11486548,7898151,3477493,837107,133239,16181,2021,90,4,37.61,479.64,5017,42329,267424,1072236,2077067,4291404,4693494,4534329,2221489,662463,4107350,52379969,547911672,4622674670,29204570789,117095674472,226830288442,468651409231,512562502239,495180563314,242602159569,72345622712
2025-05-27 12:01:03 PDT-0700,6488518,11415263,13353085,11490217,7898947,3478104,837049,133344,16180,2019,89,4,37.63,479.79,5019,42340,267442,1072324,2076912,4295055,4691677,4544121,2210135,662463,4144331,52844843,552804030,4663315689,29456362873,118106889496,228753189358,473061682648,516745971503,500494013546,243426450042,72964358313
2025-05-28 00:01:04 PDT-0700,6489958,11418406,13366631,11495653,7899542,3477948,836853,133294,16205,2006,91,4,37.64,479.97,5024,42354,267456,1072274,2076006,4293998,4696195,4494394,2257505,662463,4091922,52182754,546234852,4604739286,29077986839,116578214077,225704573303,466845953370,510573032971,488633187196,245437266548,72023383244
2025-05-28 12:01:04 PDT-0700,6492065,11420987,13359737,11481604,7896149,3478309,836787,133228,16235,2003,90,4,37.65,480.11,5020,42301,267389,1072456,2075759,4293773,4707649,4497064,2244038,662463,4049392,51634373,539916626,4549395323,28757031369,115340042082,223242928913,461785028803,506296388459,483648543329,241340984692,71246333914
2025-05-29 00:01:03 PDT-0700,6493478,11424946,13371154,11494777,7898481,3478441,836581,133240,16253,2003,90,4,37.66,480.35,5025,42345,267450,1072450,2075263,4293119,4712757,4495257,2242055,662463,4063490,51825925,542186565,4568619675,28855587390,115708379818,223903582500,463191782382,508467187293,485000790020,241899013606,71474251932
2025-05-29 12:01:04 PDT-0700,6496149,11426768,13374190,11483648,7895896,3478512,836677,133217,16274,2002,89,4,37.68,480.42,5024,42301,267383,1072453,2075456,4292782,4716239,4503804,2230516,662463,4010892,51136744,534762782,4502573993,28460656566,114153763143,220915144083,456931132418,502004540861,479392617180,237419988505,70513717413
2025-05-30 00:01:03 PDT-0700,6497279,11430179,13393529,11492502,7896624,3478743,836611,133170,16306,2002,90,4,37.69,480.64,5033,42327,267412,1072505,2075438,4290762,4719562,4492296,2240876,662463,3989511,50876185,532769089,4480424441,28306078921,113526756868,219689181956,454185683737,499575057713,475518501279,237201144109,70123042256
2025-05-30 12:01:03 PDT-0700,6498927,11432941,13389315,11495575,7897162,3479159,836686,133114,16317,2001,91,4,37.70,480.76,5030,42334,267423,1072627,2075266,4291064,4722920,4484069,2245721,662463,3946833,50327027,526522838,4431543711,27994261442,112284285341,217242090852,449195277079,494402646280,469399343718,235085537689,69347673260
2025-05-31 00:01:04 PDT-0700,6501699,11437575,13390869,11501887,7898651,3479682,836745,133184,16397,2001,91,4,37.72,481.03,5030,42356,267476,1072838,2075430,4291309,4727562,4478358,2246330,662463,3917697,49961488,522478509,4399185676,27780913375,111428226597,215560464483,445708442036,491019020252,465135934168,233310721329,68805448794
2025-05-31 12:01:03 PDT-0700,6503115,11438932,13383485,11498129,7896679,3479467,836658,133174,16407,2002,91,4,37.73,481.09,5028,42339,267420,1072792,2075185,4291113,4728756,4481318,2243009,662463,3937250,50203158,524731779,4418159212,27905983040,111948603699,216550889803,447788748878,493457894967,467637120805,234063747196,69129740216
2025-06-01 00:01:03 PDT-0700,6504720,11442448,13401994,11503329,7896204,3479002,836768,133173,16413,2001,91,4,37.74,481.29,5036,42351,267412,1072686,2075549,4291347,4728559,4481531,2242718,662463,3931162,50131674,524559472,4411270007,27853713271,111731358435,216189990141,446988343211,492528534077,466797985395,233602353882,69002417103
2025-06-01 12:01:03 PDT-0700,6506771,11443317,13383236,11492944,7894683,3479463,836777,133159,16416,2000,91,4,37.76,481.29,5027,42313,267398,1072830,2075466,4291689,4730312,4481780,2240599,662463,3944320,50280370,525200908,4420381414,27934859525,112077740989,216822410800,448349581778,494172185365,468208289269,234073754911,69207041369
2025-06-02 00:01:03 PDT-0700,6507980,11437981,13378230,11497264,7896635,3479326,836886,133166,16429,2000,90,4,37.76,481.03,5027,42331,267448,1072820,2075816,4291794,4733191,4490180,2229013,662463,3963132,50481806,527542502,4442495929,28067626679,112588315791,217848897923,450407293685,496730244172,471227177498,233926345407,69522964767
2025-06-02 12:01:03 PDT-0700,6510161,11440900,13372231,11488257,7897046,3479900,836833,133116,16436,1999,90,4,37.78,481.18,5024,42304,267466,1072930,2075434,4291273,4734103,4490373,2228904,662463,3942650,50216334,524272843,4414845549,27912990902,111971943765,216594080416,447840969122,494055138987,468619238744,232610311290,69135231833
2025-06-03 00:01:04 PDT-0700,6507701,11441837,13363144,11479527,7898232,3479722,836782,133155,16436,2001,92,4,37.76,481.30,5017,42287,267514,1072929,2075243,4292078,4730403,4493529,2238069,653463,3975461,50666840,528147475,4451553935,28161209654,112947312074,218460887996,451827263979,497969789734,473034004380,235601660897,68790098232
2025-06-03 12:01:03 PDT-0700,6513477,11432716,13269396,11471313,7899153,3479888,836838,133228,16437,2004,91,4,37.80,480.66,4991,42261,267551,1073035,2075153,4293376,4731747,4511660,2217508,653463,4006723,50948387,529057461,4479552696,28359391197,113737811487,219958709526,455082348375,501548033425,478219628238,235047844196,69264728943
2025-06-04 00:01:03 PDT-0700,6514311,11435162,13290562,11472541,7901584,3480064,837000,133210,16446,2002,91,4,37.80,480.86,5000,42281,267615,1073067,2075542,4292988,4733588,4511085,2216289,653463,3983809,50673670,526940220,4455623947,28201765979,113082000653,218724855819,452403791842,498835124641,475387266847,233557063693,68863277353
2025-06-04 12:01:04 PDT-0700,6517121,11434094,13290631,11471022,7902299,3480472,837198,133284,16464,2003,91,4,37.82,480.77,5001,42272,267628,1073132,2075867,4293699,4735038,4508876,2216035,653463,3976323,50549426,525807827,4444645916,28139182871,112832032703,218262366120,451451387416,497854969280,474075657190,233000013001,68706920645
2025-06-05 00:01:03 PDT-0700,6520866,11434984,13295943,11467280,7901666,3480220,836917,133203,16474,2005,91,4,37.84,480.79,5003,42268,267623,1073170,2075591,4292659,4738046,4505231,2218276,653463,3955618,50254074,522929918,4417977128,27972968142,112171703114,216948361470,448684424548,495237926952,470903263790,231862299318,68302363787
2025-06-05 12:01:03 PDT-0700,6520863,11434926,13290779,11463174,7903375,3480393,837110,133286,16542,2014,91,4,37.84,480.77,5000,42246,267550,1072873,2074673,4289655,4731633,4506130,2201145,653463,3905564,49615853,516019471,4359844128,27611521709,110721920205,214109001922,442698029362,488310736303,465038478079,227161072526,67438250743
2025-06-06 00:01:03 PDT-0700,6515682,11434076,13288962,11470239,7901466,3480123,837064,133230,16452,2002,91,4,37.81,480.76,5000,42272,267618,1073103,2075769,4293105,4734851,4509948,2215858,653463,3895947,49536329,515202306,4355594070,27574612422,110569692739,213881671730,442349979249,487866352530,464692885728,228316038032,67331090970
2025-06-06 12:01:03 PDT-0700,6532841,11442005,13271998,11463790,7902480,3480186,836997,133206,16362,2006,90,4,37.92,481.17,4991,42256,267673,1073255,2075551,4294187,4724432,4514152,2222008,653463,3970522,50380780,522601284,4424405537,28026828898,112375766732,217321595434,449625042583,494674116806,472656592149,232656451586,68421198620
2025-06-07 00:01:04 PDT-0700,6534812,11444696,13290074,11470293,7904653,3480211,836867,133185,16353,2006,89,4,37.93,481.32,4999,42280,267744,1073251,2075248,4293400,4726706,4521931,2213149,653463,3978191,50475332,524214011,4433877982,28077989967,112550704172,217629127160,450244358340,495684729648,474210187076,232090687757,68528004676
2025-06-07 12:01:03 PDT-0700,6538311,11448899,13297595,11467453,7903375,3480198,836855,133150,16334,2008,89,4,37.96,481.54,5000,42266,267708,1073227,2074946,4293529,4723748,4524389,2214150,653463,4010842,50877091,528242366,4465697331,28284930281,113392982162,219230651249,453637301868,499092633066,478029122319,233938329341,69042342846
2025-06-08 00:01:03 PDT-0700,6540131,11452626,13313668,11477136,7904027,3480282,836849,133209,16312,2009,89,4,37.97,481.75,5005,42299,267724,1073260,2074965,4295042,4720530,4524916,2215435,653463,4008513,50851961,528338007,4464908391,28260084185,113289847041,219026692615,453370907192,498284001993,477635607372,233854206522,68977479104
2025-06-08 12:01:03 PDT-0700,6542945,11454998,13313493,11470506,7902918,3480402,836849,133190,16296,2007,89,4,38.00,481.86,5006,42276,267706,1073315,2074890,4295688,4720407,4523352,2216810,653463,4038525,51217098,532036481,4493469025,28454435812,114082714926,220540089157,456588814835,501732203459,480787244552,235624788265,69456626190
2025-06-09 00:01:03 PDT-0700,6544639,11457266,13315223,11480579,7902725,3480316,836784,133218,16286,2007,89,4,38.01,481.99,5007,42300,267700,1073308,2074597,4296621,4719164,4523484,2217473,653463,4012472,50883681,528571916,4465590375,28260832759,113308040265,219012993578,453589824264,498197169285,477539448434,234096269828,68985425098
2025-06-09 12:01:04 PDT-0700,6551895,11451967,13299334,11468112,7901833,3478998,836361,133246,16290,2006,90,4,38.05,481.77,4998,42271,267639,1072645,2073529,4296663,4721662,4514225,2226254,653463,4125812,52240843,541995694,4583617421,29021493920,116312625057,224843719346,465910026701,511994884496,489501369449,241404508548,70858484395
2025-06-10 00:01:04 PDT-0700,6555010,11454699,13283668,11470823,7903109,3478754,836261,133228,16295,2007,90,4,38.06,481.94,4989,42281,267667,1072546,2073196,4296019,4723429,4513440,2226509,653463,4167997,52771286,546340320,4629697887,29309129048,117441953130,227011427292,470406747413,517207398265,494213927168,243798914565,71553094049
2025-06-10 12:01:03 PDT-0700,6559292,11453039,13260020,11466655,7901063,3478343,836167,133259,16286,2008,90,4,38.10,481.82,4983,42257,267621,1072451,2072940,4297202,4721179,4514632,2227073,653463,4149452,52478978,542777687,4602501734,29148591119,116808431210,225778900844,468039439970,514217864996,491721356567,242566643975,71173417645
2025-06-11 00:01:03 PDT-0700,6561220,11455766,13264650,11460915,7897954,3477967,836157,133283,16287,2006,90,4,38.11,481.97,4984,42215,267516,1072337,2072972,4298073,4723701,4510602,2228196,653463,4170841,52746329,545463404,4619939001,29276559975,117354932341,226862849125,470374449668,516954471831,493633285563,243850321067,71513994356
2025-06-11 12:01:04 PDT-0700,6565017,11457903,13259486,11451916,7894870,3477915,836052,133288,16282,2004,90,4,38.14,482.06,4983,42170,267423,1072325,2072785,4297985,4725801,4508996,2228363,653463,4146511,52409367,541703360,4584740784,29074345804,116583496627,225353793643,467278199527,513790455611,490219443530,242268342625,71044711552
2025-06-12 00:01:03 PDT-0700,6570532,11462343,13281322,11453862,7893850,3477852,836050,133308,16272,2004,90,4,38.17,482.30,4992,42162,267408,1072305,2072826,4299049,4724221,4509753,2228335,653463,4118915,52041240,538589544,4549279199,28853669668,115702953369,223660345012,463872442082,509749037384,486607656618,240439952633,70509446740
2025-06-12 12:01:03 PDT-0700,6573909,11464720,13274174,11448768,7892139,3478040,835969,133313,16273,2001,90,4,38.20,482.33,4988,42145,267379,1072321,2072647,4300082,4726801,4506021,2228919,653463,4121540,52041034,538160266,4547219062,28848927728,115698342564,223628786649,463958487335,509999456353,486178249884,240489760721,70505576477
2025-06-13 00:01:04 PDT-0700,6576785,11470487,13285622,11445791,7892811,3477402,835805,133340,16278,2001,90,4,38.22,482.67,4992,42141,267401,1072139,2072207,4301615,4732058,4499939,2229014,653463,3970445,50147238,518624105,4378301370,27781946982,111391273438,215294593016,446921881651,491643265854,467526956547,231586300962,67892400236
2025-06-13 12:01:04 PDT-0700,6579651,11473114,13257792,11448912,7894295,3477844,835653,133348,16295,1997,90,4,38.23,482.80,4985,42156,267452,1072318,2072026,4300531,4738506,4494341,2229449,653463,4005180,50578944,522202148,4416324733,28018605546,112337162804,217067589576,450528208336,496410898209,470831870865,233559470439,68457490519
2025-06-14 00:01:03 PDT-0700,6583271,11476605,13272033,11455881,7895150,3477616,835609,133323,16310,1998,90,4,38.25,483.01,4991,42183,267482,1072254,2071995,4301627,4745379,4485348,2230712,653463,4023500,50810583,524982349,4437506691,28137919048,112796282982,217964567742,452511707077,499192419567,471838347778,234660834017,68741376239
2025-06-14 12:01:03 PDT-0700,6586434,11479105,13273761,11448443,7892567,3477692,835527,133273,16312,1997,90,4,38.27,483.12,4991,42153,267407,1072287,2071831,4300549,4745295,4487198,2230465,653463,3999641,50497648,521683111,4406050158,27950506853,112079703975,216556164589,449510684629,495997325911,469019991364,233137211867,68302601682
2025-06-15 00:01:04 PDT-0700,6590543,11483157,13283059,11455749,7893446,3477643,835502,133279,16315,1998,90,4,38.28,483.34,4996,42177,267434,1072292,2071913,4300414,4744183,4488385,2230643,653463,4039327,50997819,527163135,4450202523,28217541670,113139615845,218611596821,453745121746,500568089782,473578329538,235359514481,68948189299
2025-06-15 12:01:03 PDT-0700,6591881,11485530,13290122,11454659,7893138,3477365,835476,133267,16308,1999,90,4,38.29,483.46,4999,42174,267431,1072187,2071890,4300858,4742591,4489797,2230708,653463,4041086,51020738,527540825,4450724607,28222493979,113149851252,218650466914,453877611504,500494520608,473816714350,235410810626,68961191216
2025-06-16 00:01:03 PDT-0700,6594231,11489437,13285989,11459886,7893182,3476060,835336,133284,16315,1999,90,4,38.30,483.67,4998,42187,267400,1071774,2071414,4301252,4742492,4490448,2230899,653463,4088114,51623788,533488109,4502777564,28540663192,114394488900,221089829927,459088944510,506184155479,479282509907,238112294698,69746602400
2025-06-16 12:01:03 PDT-0700,6596291,11488498,13281507,11451669,7893330,3475686,835244,133291,16324,1996,90,4,38.32,483.57,4997,42166,267402,1071582,2071360,4300217,4746573,4491617,2246447,634214,4141049,52260865,540014677,4556991370,28898979990,115809361172,223858673817,464738660366,512977826976,485423919832,242780889506,68541619136
2025-06-17 00:01:03 PDT-0700,6597377,11493789,13296251,11460431,7896299,3475744,835116,133334,16317,1997,90,4,38.32,483.90,5001,42200,267476,1071605,2071138,4305457,4745207,4487644,2246801,634214,4098768,51752621,534873702,4513289250,28606491760,114607897654,221507764143,460467713742,507498809681,479952544266,240294829417,67829068802
2025-06-17 12:01:03 PDT-0700,6598959,11496212,13285958,11457575,7894695,3476012,835108,133326,16338,1995,91,4,38.34,484.01,4996,42189,267448,1071696,2070768,4304736,4748860,4478190,2253829,634214,3985487,50319053,519399498,4386151893,27804800063,111416988844,215283811904,447534482766,493707116799,465567372229,234315456920,65934988891
2025-06-18 00:01:04 PDT-0700,6600420,11500380,13299948,11463053,7894989,3475538,835067,133298,16335,1996,91,4,38.35,484.23,5001,42205,267452,1071555,2070799,4305055,4749470,4478387,2253000,634214,4035380,50958052,526324562,4441540395,28145599206,112766371702,217922933414,453047536663,499816033245,471288275125,237097060778,66742270458
2025-06-18 12:01:03 PDT-0700,6602566,11503795,13296962,11458452,7895392,3476113,835061,133379,16344,1993,91,4,38.36,484.42,4999,42194,267483,1071711,2070572,4305209,4751813,4474740,2254431,634214,4003810,50564459,521839129,4404321603,27920306012,111867143998,216129995650,449385394662,496002746088,467081337056,235321517201,66200407437
2025-06-19 00:01:04 PDT-0700,6603495,11508075,13301189,11465035,7896445,3475176,834811,133399,16342,1994,91,4,38.36,484.66,5000,42219,267491,1071477,2069678,4305042,4752769,4475388,2254303,634214,4017729,50756612,523608661,4421497290,28013379130,112212037152,216750049724,450851831984,497740666330,468691563081,236085193581,66419006402
2025-06-19 12:01:04 PDT-0700,6605461,11511309,13286636,11455152,7893685,3475302,834207,133464,16341,1993,91,4,38.38,484.83,4994,42184,267424,1071534,2067819,4307379,4752119,4475777,2254326,634214,4008527,50640005,521597974,4406125450,27932274128,111921203124,215982752953,449903797400,496356618437,467492871579,235463310731,66243380901
2025-06-20 00:01:05 PDT-0700,6606983,11515967,13296492,11451698,7895045,3475041,834088,133497,16344,1992,91,4,38.39,485.11,4995,42186,267451,1071466,2067386,4308324,4753442,4474035,2254498,634214,4020533,50807495,523181734,4418320371,28011062094,112218353448,216524414989,451225601510,497844374017,468581134731,236121347330,66423438648
2025-06-20 12:01:03 PDT-0700,6612272,11519923,13287374,11447024,7894534,3475270,834105,133449,16359,1992,91,4,38.41,485.26,4992,42169,267438,1071402,2067426,4306724,4756728,4473392,2253767,634214,3965457,50094247,515356826,4353161045,27608092194,110602583386,213423721454,444590065344,491044695309,461795461910,232660001646,65470950327
2025-06-21 00:01:04 PDT-0700,6611433,11522929,13294084,11454650,7895636,3475198,834087,133468,16361,1991,91,4,38.41,485.43,4993,42190,267473,1071368,2067401,4306397,4757540,4472238,2254641,634214,3975909,50243281,516815624,4366755407,27683930431,110888459166,213979632592,445719567014,492413645680,462884410341,233359308926,65642270245
2025-06-21 12:01:05 PDT-0700,6614381,11526197,13292737,11440844,7894511,3475775,834115,133500,16357,1991,91,4,38.43,485.61,4991,42138,267440,1071541,2067437,4307272,4756959,4472212,2254487,634214,3971452,50183470,515801886,4354522722,27637439734,110733883814,213650594169,445116855627,491587849472,462161880958,232980444766,65540190451
2025-06-22 00:01:03 PDT-0700,6615673,11529718,13284737,11446683,7896076,3475455,834175,133493,16364,1992,91,4,38.44,485.83,4986,42160,267473,1071424,2067571,4306984,4757649,4473468,2252931,634214,3953554,49971405,512871931,4336560832,27511881325,110205236564,212667551995,443010665647,489365405272,460134959385,231733439624,65234430376
2025-06-22 12:01:04 PDT-0700,6616288,11532542,13271362,11439707,7895356,3475207,834187,133490,16369,1992,91,4,38.44,485.96,4977,42138,267455,1071306,2067536,4307893,4758044,4472439,2253017,634214,3823522,48338449,495071051,4191472394,26603549078,106561892673,205655959838,428502280724,473278335279,444869547074,224105611317,63084719148
2025-06-23 00:01:04 PDT-0700,6617755,11534448,13284548,11450360,7895834,3474019,834037,133493,16367,1993,91,4,38.45,486.04,4983,42162,267433,1070877,2067176,4308069,4756908,4472957,2254445,634214,3915983,49503995,507528858,4294280457,27238536842,109070719015,210545519400,438784410802,484499406273,455578525741,229619210678,64595832893
2025-06-23 12:01:03 PDT-0700,6618942,11536655,13264947,11442408,7895527,3474388,834037,133502,16359,1994,91,4,38.46,486.13,4976,42141,267430,1070888,2067190,4308789,4754152,4474553,2255070,634214,3965130,50124113,513036303,4345086316,27574057069,110416731440,213143116056,444269238032,490189524718,461360775734,232514962776,65392349988
2025-06-24 00:01:03 PDT-0700,6619741,11537071,13271195,11454999,7898325,3474356,833921,133501,16371,1995,91,4,38.46,486.17,4981,42187,267501,1070842,2066870,4309578,4761417,4468845,2253109,634214,4061726,51341528,525984555,4455104152,28249116036,113085100643,218269648046,455108477558,502824389504,471927659976,237937173188,66975522967
2025-06-24 12:01:03 PDT-0700,6621033,11539936,13269411,11447325,7896792,3474475,833849,133513,16367,1996,91,4,38.47,486.32,4979,42163,267465,1070889,2066796,4309562,4760141,4470269,2253246,634214,4069988,51449173,526781544,4460531750,28296015004,113292809248,218653138398,455922590309,503590888783,472924314284,238378300763,67095593468
2025-06-25 00:01:04 PDT-0700,6622123,11540320,13259488,11439378,7897767,3474494,833899,133546,16372,1996,90,4,38.48,486.26,4974,42144,267505,1070891,2066814,4310213,4761708,4478337,2243112,634214,4095105,51750137,529343240,4485232793,28469448166,113970433852,219962243414,458717754439,506768424175,476610442538,238724942604,67496738882
2025-06-25 12:01:03 PDT-0700,6625559,11543078,13249787,11430488,7896485,3474416,833938,133507,16371,1997,90,4,38.50,486.40,4968,42122,267470,1070845,2066951,4308918,4760030,4481002,2243612,634214,4131660,52197235,533102107,4520226063,28703193878,114916343086,221812169241,462405881556,510816394458,480872867321,240770314808,68059863613
2025-06-26 00:01:04 PDT-0700,6627061,11547014,13271648,11435506,7897345,3473698,833898,133438,16374,1998,90,4,38.51,486.62,4977,42136,267478,1070650,2067066,4307188,4759878,4481789,2244988,634214,4150564,52447061,536435456,4541356809,28828174823,115392387448,222784021701,464219606446,513009573479,483037726133,241960014020,68354264189
2025-06-26 12:01:04 PDT-0700,6632097,11548341,13260002,11430047,7896171,3472675,833650,133398,16385,1996,90,4,38.54,486.65,4974,42122,267444,1070409,2066456,4306666,4763999,4478463,2245905,634214,4133736,52190587,533446013,4517403892,28682065045,114796213722,221617468100,461869211862,510915934256,480293561925,240862553640,68016423545
2025-06-26 15:59:37 PDT-0700,6632646,11550164,13268497,11433821,7897428,3472848,833638,133569,16413,1997,90,4,38.55,486.75,4978,42137,267482,1070439,2066447,4307747,4769204,4472780,2245286,634214,4128625,52132762,533128600,4513027898,28648282877,114647654972,221323516271,461374315232,510797994827,479049956631,240477713087,67926498375
2025-06-27 00:01:03 PDT-0700,6633616,11551133,13267024,11434111,7897363,3472374,833621,133417,16405,1997,91,4,38.55,486.78,4979,42141,267470,1070332,2066373,4305935,4769503,4464102,2255786,634214,4138497,52252018,534484797,4523507290,28710598822,114890970856,221807321286,462205090935,511965100965,479182973612,242139199538,68077438477
2025-06-27 10:11:16 PDT-0700,6635860,11548014,13242616,11436340,7897481,3472495,833598,133394,16406,2001,89,4,38.57,486.44,4972,42148,267495,1070431,2066363,4305629,4769018,4486459,2234252,634214,4144569,52270484,534218943,4529073445,28743969007,115024482219,222043607644,462666773355,512460780509,482098081496,240084314868,68150281150
2025-06-27 12:01:04 PDT-0700,6636288,11547924,13238238,11435444,7897326,3472563,833580,133424,16409,2003,89,4,38.57,486.41,4970,42144,267484,1070467,2066277,4305921,4768217,4487676,2233657,634214,4110114,51829076,529589003,4490686555,28501686911,114063424331,220171689356,458816426470,508076328989,478183338052,238006794881,67578557641
2025-06-27 23:46:20 PDT-0700,6638310,11549399,13247121,11444214,7899058,3472572,833543,133491,16421,2001,89,4,38.58,486.47,4976,42170,267526,1070383,2066219,4314199,4774742,4472403,2234375,634214,4144245,52251218,534518691,4529519300,28734972837,114969772714,221932404884,463387747322,512854710881,480380496030,239994068155,68120901758
2025-06-27 23:47:06 PDT-0700,6638310,11549399,13247121,11444214,7899058,3472572,833543,133491,16421,2001,89,4,38.58,486.47,4976,42170,267526,1070383,2066219,4314199,4774742,4472403,2234375,634214,4144245,52251218,534518691,4529519300,28734972837,114969772714,221932404884,463387747322,512854710881,480380496030,239994068155,68120901758
2025-06-27 23:56:26 PDT-0700,6638310,11549399,13247121,11444214,7899058,3472572,833543,133491,16421,2001,89,4,38.58,486.47,4976,42170,267526,1070383,2066219,4314199,4774742,4472403,2234375,634214,4144245,52251218,534518691,4529519300,28734972837,114969772714,221932404884,463387747322,512854710881,480380496030,239994068155,68120901758
2025-06-27 23:59:08 PDT-0700,6638349,11549417,13247065,11444106,7899046,3472581,833541,133493,16420,2001,89,4,38.58,486.47,4976,42170,267525,1070385,2066229,4314204,4774731,4472402,2234375,634214,4144909,52259235,534598661,4530165173,28739283103,114987608737,221967467489,463459397645,512932070652,480453966312,240030852764,68131342852
2025-06-28 00:00:56 PDT-0700,6638349,11549417,13247065,11444106,7899046,3472581,833541,133493,16420,2001,89,4,38.58,486.47,4976,42170,267525,1070385,2066229,4314204,4774731,4472402,2234375,634214,4144909,52259235,534598661,4530165173,28739283103,114987608737,221967467489,463459397645,512932070652,480453966312,240030852764,68131342852
2025-06-29 00:01:04 PDT-0700,6643863,11553214,13244575,11441349,7897825,3472419,833549,133554,16410,2001,89,4,38.62,486.65,4976,42161,267494,1070431,2066360,4316946,4773266,4471682,2234128,634214,4146331,52243789,534191986,4526180597,28716502711,114914955259,221831832017,463440999036,512428703479,480052473227,239842366705,68085370628
2025-06-29 12:11:03 PDT-0700,6647099,11555257,13246562,11439558,7897557,3472501,833557,133539,16412,2001,89,4,38.65,486.74,4976,42159,267483,1070430,2066708,4317125,4773593,4471915,2233314,634214,4161717,52415481,535896683,4539974466,28804396361,115271314695,222557513089,464897973486,514053666292,481566820653,240498745124,68296589592
2025-06-30 00:01:04 PDT-0700,6648282,11558286,13256798,11445510,7898163,3472110,833623,133539,16414,2002,89,4,38.65,486.92,4981,42174,267504,1070354,2066881,4318069,4773120,4472606,2232337,634214,4174697,52587818,537896367,4554853853,28890496194,115598623425,223223806391,466352852880,515498509387,483042973120,241093091426,68495346736
2025-06-30 08:00:41 PDT-0700,6650532,11557944,13250008,11440623,7896648,3472217,833532,133628,16411,2006,89,4,38.67,486.92,4977,42155,267462,1070401,2066539,4318980,4770656,4475530,2231462,634214,4150311,52263873,534255905,4524737781,28708372085,114892803411,221814523630,463583008873,512064210282,480386483556,239516741126,68074161414
2025-07-01 00:01:04 PDT-0700,6653506,11561494,13242669,11442292,7900002,3472722,833411,133648,16437,2005,89,4,38.69,487.11,4974,42171,267561,1070567,2066357,4321573,4778684,4467078,2229476,634214,4131895,52026134,531206142,4504072692,28577076898,114342886461,220699065158,461569474559,510391561082,477110263086,238121164738,67737812966
2025-07-01 08:25:02 PDT-0700,6655557,11555373,13217005,11434343,7899147,3473050,833506,133653,16434,2003,89,4,38.70,486.69,4963,42153,267540,1070708,2066581,4322464,4781395,4463506,2229274,634214,4099621,51554897,525779031,4465278493,28340533626,113420266941,218913387732,457879524459,506494112837,472820096718,236147414892,67182438580
2025-07-01 08:57:12 PDT-0700,6655612,11555446,13217011,11433768,7898924,3473064,833515,133654,16434,2003,89,4,38.70,486.69,4963,42150,267538,1070717,2066589,4322466,4781443,4463602,2229123,634214,4104308,51614053,526378207,4469981960,28372556756,113550152224,219162920025,458399894833,507074608051,473367394286,236399691110,67258764724
2025-07-01 09:05:02 PDT-0700,6655612,11555446,13217011,11433768,7898924,3473064,833515,133654,16434,2003,89,4,38.70,486.69,4963,42150,267538,1070717,2066589,4322466,4781443,4463602,2229123,634214,4102454,51590738,526140426,4467962737,28359740032,113498858258,219063917646,458192822030,506845547440,473153560221,236292902371,67228381949
2025-07-02 00:01:03 PDT-0700,6656974,11558973,13227171,11442801,7900495,3472820,833252,133641,16437,2002,90,4,38.71,486.89,4967,42194,267582,1070620,2065900,4322946,4781396,4454497,2238738,634214,4138143,52047499,530958003,4510438352,28603956381,114447041398,220840347946,462113716056,511121091030,476176306949,239316331728,67796153446
2025-07-02 10:58:40 PDT-0700,6659969,11562325,13222744,11432446,7896729,3472669,833420,133613,16437,2004,90,4,38.73,487.06,4963,42156,267493,1070610,2066150,4321013,4780120,4457350,2239211,634214,4228238,53169605,541732543,4601886841,29200641421,116872083350,225549334984,471699348387,521817250573,486582365880,244441402305,69233396370
2025-07-03 00:01:04 PDT-0700,6662256,11568410,13217760,11442619,7896204,3472108,833140,133599,16462,1999,91,4,38.75,487.45,4963,42188,267465,1070398,2065468,4320207,4789175,4444177,2245302,634214,4238305,53317749,542822721,4614564214,29255530273,117081003171,225922532517,472547793575,523843896228,486107770861,245592977809,69370869976
2025-07-04 00:01:04 PDT-0700,6668309,11575041,13225438,11450428,7891856,3471344,832819,133599,16442,1999,91,4,38.79,487.86,4968,42204,267317,1070210,2065175,4320104,4789534,4444128,2246171,634214,4226313,53154750,541275342,4598245904,29125269468,116603638163,225008937854,470692413520,521838663948,484205238494,244729167677,69100139776
2025-07-05 00:01:03 PDT-0700,6675004,11579222,13241022,11458311,7892692,3471409,832883,133518,16448,2005,91,4,38.84,488.11,4976,42227,267325,1070271,2065438,4317826,4793799,4441025,2247428,634214,4204528,52841228,538633454,4571288138,28939606597,115863334886,223596289365,467430990753,518957962421,480768016069,243297823644,68657558054
2025-07-06 00:01:03 PDT-0700,6678732,11583072,13255066,11455368,7893276,3471154,832866,133520,16447,2007,91,4,38.86,488.36,4979,42220,267355,1070211,2065446,4317797,4793533,4441659,2247605,634214,4202283,52807623,538336740,4565294416,28909667467,115724163910,223340918150,466892244576,518334566376,480285710607,243038187973,68578887855
2025-07-07 00:01:04 PDT-0700,6681919,11590334,13247975,11455201,7893256,3470950,832866,133481,16447,2008,91,4,38.89,488.73,4975,42215,267357,1070200,2065417,4317198,4793345,4443868,2246740,634214,4239871,53289759,542496234,4603011498,29151576945,116690435985,225205063275,470730461785,522647708140,484542057143,244975753538,69152247463
2025-07-08 00:01:03 PDT-0700,6685795,11592553,13235009,11461381,7896956,3470962,832757,133478,16455,2008,91,4,38.91,488.89,4974,42237,267472,1070220,2065276,4317145,4796219,4441886,2246342,634214,4210818,52906562,538274187,4570728471,28944930353,115815709473,223497364914,467187244876,519031059288,480686362171,243091736989,68632584175
2025-07-09 00:01:04 PDT-0700,6689469,11603174,13199206,11449855,7898522,3470910,832607,133511,16474,2008,91,4,38.94,489.56,4953,42229,267493,1070224,2065101,4317063,4797379,4440245,2247523,634214,4233708,53231166,538590115,4591720405,29085255609,116368390799,224544062067,469406007964,521632047124,482799890059,244379263529,68959829781
2025-07-10 00:01:03 PDT-0700,6694657,11615417,13170632,11453186,7896898,3470754,832519,133494,16479,2010,91,4,38.97,490.35,4947,42255,267413,1070239,2065026,4316545,4800776,4440103,2245413,634214,4334490,54537697,550250871,4699688937,29741938200,119033246250,229674602500,480091051900,533947812937,493833310900,249737416689,70538030581
2025-07-11 00:01:03 PDT-0700,6698198,11627974,13162010,11450457,7894181,3469660,832178,133554,16473,2012,91,4,39.00,491.09,4950,42244,267302,1069942,2063642,4316423,4802756,4442166,2243840,634214,4604445,57983849,584486314,4987787848,31560732540,126329721623,243657324156,509646568447,567068695338,524493231433,264933582971,74882635566
2025-07-12 00:01:03 PDT-0700,6701844,11625854,13165691,11451464,7887990,3467933,831822,133460,16505,2014,91,4,39.02,491.08,4951,42235,267101,1069379,2062459,4317429,4808141,4438363,2243688,634214,4602257,57922722,583933216,4981614760,31504650327,126133781971,243268113887,509242894603,567122663715,523507210536,264644140813,74805887585
2025-07-13 00:01:03 PDT-0700,6705892,11631119,13179549,11452901,7887369,3467753,831800,133392,16500,2014,91,4,39.04,491.43,4955,42234,267073,1069370,2062626,4316736,4806482,4439502,2245200,634214,4604051,57951508,584331169,4980403436,31494105015,126103704487,243231659427,509043835548,566796319360,523520815568,264761414706,74788640543
2025-07-14 00:01:03 PDT-0700,6710911,11633983,13176962,11456652,7883958,3467547,831703,133495,16480,2016,91,4,39.08,491.53,4954,42249,267021,1069277,2062362,4319329,4802453,4442208,2244754,634214,4774227,60055546,605321681,5162002069,32624802595,130644942385,251980730649,527738572296,586766917795,542752006359,274265530951,77488717872
2025-07-15 00:01:04 PDT-0700,6717255,11640861,13193338,11459062,7882257,3465962,831109,133444,16500,2019,88,4,39.12,491.90,4961,42250,266944,1068678,2061015,4318497,4813329,4449362,2230072,634214,4573552,57513943,580089310,4939998057,31211936117,124953147845,240980266966,504932037955,562789293908,520233119742,260746936943,74154281260
2025-07-16 00:01:04 PDT-0700,6721393,11639729,13196616,11466915,7883322,3465847,831071,133181,16538,2030,85,4,39.14,491.77,4966,42275,266991,1068618,2060864,4307877,4829557,4475494,2190441,642719,4625168,58109578,586820307,4995381470,31548610857,126271919362,243519357845,509034826441,570678470577,528841124405,258830624100,75946132441
2025-07-17 00:01:05 PDT-0700,6724928,11646641,13215638,11476861,7887367,3466367,831268,133180,16556,2027,83,4,39.17,492.12,4971,42318,267089,1068681,2061950,4309852,4831715,4472377,2188526,642719,4640340,58304597,588907782,5013734990,31643854135,126613914057,244293295272,510617563942,572446240327,529873021435,259289555744,76147358367
2025-07-18 00:01:03 PDT-0700,6733269,11651882,13222328,11467984,7888063,3466367,831006,133151,16661,2016,83,4,39.22,492.29,4973,42311,267086,1068471,2061240,4308862,4853171,4450516,2191287,642719,4715815,59195983,597982346,5087631525,32115732336,128478378008,247854013766,518119483294,583569882023,535152593625,263491485845,77283852434
2025-07-19 00:01:04 PDT-0700,6734079,11652992,13240341,11482449,7893187,3466901,830842,133164,16745,1996,83,4,39.23,492.36,4980,42370,267225,1068595,2060652,4309126,4879506,4421798,2194133,642719,4635346,58179221,588426632,5006571407,31576181843,126268504394,243493084650,509179781790,576577672201,522493435109,259265564852,75945737957
2025-07-20 00:01:04 PDT-0700,6737677,11657012,13239050,11487594,7895565,3467374,830823,133110,16762,1998,83,4,39.25,492.60,4981,42383,267308,1068707,2060665,4308722,4883815,4419504,2192709,642719,4625272,58041951,586923247,4993883708,31496238842,125923286670,242803509097,507686951570,575448875152,520740199046,258361972852,75730180560
2025-07-21 00:01:03 PDT-0700,6743283,11662186,13227368,11482395,7897588,3467620,830912,133138,16759,1996,83,4,39.29,492.88,4975,42376,267371,1068659,2060814,4310075,4884279,4417822,2192884,642719,4676516,58670351,592178920,5044239524,31826422594,127207557650,245308522375,513048770612,581399068011,525874394809,261029433310,76505969982
2025-07-22 00:01:04 PDT-0700,6746653,11667884,13242754,11477352,7890269,3467115,830761,133149,16832,1992,84,4,39.31,493.16,4981,42327,267172,1068416,2060402,4310456,4888840,4407746,2199410,642719,4625357,58026376,586117071,4980220195,31435825103,125711250976,242429697383,507174014240,575227398157,518621332929,258785493653,75623234320
2025-07-23 00:01:03 PDT-0700,6749967,11674411,13247862,11460268,7891405,3467872,830738,133276,16827,1981,83,4,39.33,493.43,4981,42296,267216,1068629,2060629,4316554,4885881,4391936,2212083,642719,4661969,58483780,590416471,5013148065,31671982018,126659985285,244237430053,511622503694,579102355512,520557141323,262188619818,76178757805
2025-07-24 00:01:03 PDT-0700,6754555,11682609,13248769,11458692,7892745,3467873,830718,133140,16831,1982,84,4,39.36,493.95,4979,42287,267256,1068705,2061080,4314183,4887353,4382212,2222594,642719,4632806,58136295,586022958,4977068103,31455418064,125784072678,242584375851,507769379849,575230201197,515776267544,261594222712,75646601237
2025-07-25 13:15:07 PDT-0700,6763032,11691956,13241198,11454760,7894186,3468756,830406,133171,16832,1995,84,4,39.42,494.44,4977,42281,267318,1068908,2060161,4313271,4882834,4406070,2205576,642719,4606345,57778436,581541742,4940815580,31238065311,124909486322,240744472455,504036435541,570593957876,514880615672,257737271404,75106348435
2025-07-26 00:01:03 PDT-0700,6763774,11695929,13260378,11463998,7896481,3468726,830371,133227,16836,1998,84,4,39.42,494.68,4984,42313,267376,1068852,2060066,4314086,4883671,4404946,2205302,642719,4628182,58074708,585098756,4967475352,31389490498,125481270586,241848133744,506465989340,573334275105,517132807876,258898567892,75454126175
2025-07-27 00:01:03 PDT-0700,6768676,11700846,13246553,11464741,7897645,3469182,830451,133219,16819,2001,84,4,39.45,494.87,4977,42319,267419,1069093,2060389,4313486,4881569,4408844,2203987,642719,4667220,58545147,588804024,5006578167,31636995250,126479223237,243754654518,510307634980,577514782499,521588960180,260743000375,76037028626
2025-07-28 00:01:03 PDT-0700,6773725,11703849,13255823,11467779,7898724,3469455,830451,133230,16824,2002,84,4,39.48,494.96,4979,42333,267469,1069107,2060160,4312728,4881712,4409750,2204288,642719,4717746,59141203,594946205,5058279747,31959182761,127744874447,246163391419,515317073401,583303586820,526910010858,263384852161,76796943234
2025-07-29 00:01:03 PDT-0700,6778252,11707304,13248893,11467852,7900729,3469964,830488,133176,16833,2005,83,4,39.51,495.06,4978,42339,267548,1069133,2060479,4313354,4888781,4412461,2193855,642719,4700667,58896495,592228778,5037067454,31830017172,127193846681,245133463871,513156233581,581614317821,524946917015,261001094820,76463809358
2025-07-30 00:01:04 PDT-0700,6783154,11709891,13263339,11476755,7902784,3470146,830523,133199,16856,1993,83,4,39.54,495.11,4984,42365,267580,1069167,2060581,4314065,4899845,4396743,2197996,642719,4672874,58516037,589046296,5007016428,31624829988,126363022499,243536431070,509871842143,579104134629,519643341449,259777254199,75961891261
2025-07-31 00:01:03 PDT-0700,6788883,11719090,13273899,11476348,7905336,3470272,830662,133119,16887,1992,83,4,39.58,495.51,4988,42374,267650,1069213,2061086,4313890,4906959,4387639,2199949,642719,4688245,58695352,590855365,5019420263,31704620662,126653920374,244146618706,511003199958,581255380085,519739240592,260595692664,76133546453
2025-08-01 00:01:03 PDT-0700,6796142,11725993,13278099,11474807,7903894,3470125,830737,133116,16899,1991,83,4,39.62,495.77,4990,42372,267617,1069227,2061067,4313162,4909812,4382577,2203400,642719,4565464,57124726,574923541,4882364185,30836096209,123201554714,237486267849,496983786799,565732741759,504982091583,253886602492,74057308424
2025-08-01 11:15:48 PDT-0700,6798804,11723346,13265673,11471143,7904885,3470636,830667,133047,16902,1988,83,4,39.64,495.61,4985,42359,267643,1069342,2060970,4311420,4912166,4372174,2213355,642719,4540899,56773774,571063126,4852289371,30659232350,122495958653,236089567294,493884539821,562701587400,500844103156,253545708129,73625220855
2025-08-01 11:54:04 PDT-0700,6799567,11723792,13265586,11471180,7905012,3470667,830574,133151,16903,1988,83,4,39.64,495.62,4986,42358,267649,1069359,2060486,4312979,4911012,4372647,2212966,642719,4525465,56574788,569141343,4835159277,30552061211,122067080220,235204047983,492325743461,560591046868,499136865389,252609615361,73366306079
2025-08-01 11:55:03 PDT-0700,6799567,11723792,13265586,11471180,7905012,3470667,830574,133151,16903,1988,83,4,39.64,495.62,4986,42358,267649,1069359,2060486,4312979,4911012,4372647,2212966,642719,4525465,56574788,569141343,4835159277,30552061211,122067080220,235204047983,492325743461,560591046868,499136865389,252609615361,73366306079
2025-08-01 12:37:28 PDT-0700,6799798,11723871,13265808,11472309,7905355,3470746,830574,133120,16906,1988,83,4,39.65,495.62,4986,42363,267659,1069379,2060556,4313065,4911595,4371968,2212880,642719,4509694,56375479,567176343,4818636995,30445429843,121638834976,234382394307,490599002945,558680154458,497299018624,251708914883,73107533004
2025-08-01 12:38:52 PDT-0700,6799798,11723871,13265808,11472309,7905355,3470746,830574,133120,16906,1988,83,4,39.65,495.62,4986,42363,267659,1069379,2060556,4313065,4911595,4371968,2212880,642719,4509694,56375479,567176343,4818636995,30445429843,121638834976,234382394307,490599002945,558680154458,497299018624,251708914883,73107533004
2025-08-02 00:01:04 PDT-0700,6801912,11734401,13286892,11486350,7908612,3471088,830706,133103,16898,1987,83,4,39.66,496.20,4996,42407,267756,1069488,2060897,4312057,4912331,4368578,2216167,642719,4504389,56354588,567423506,4816295739,30409621660,121463995287,234060505570,489729521142,557903999858,496148759969,251694863198,72995027415
2025-08-02 00:01:05 PDT-0700,6801912,11734401,13286892,11486350,7908612,3471088,830706,133103,16898,1987,83,4,39.66,496.20,4996,42407,267756,1069488,2060897,4312057,4912331,4368578,2216167,642719,4504389,56354588,567423506,4816295739,30409621660,121463995287,234060505570,489729521142,557903999858,496148759969,251694863198,72995027415
2025-08-02 12:01:04 PDT-0700,6807211,11734574,13273157,11478587,7905636,3471524,830753,133082,16900,1988,83,4,39.70,496.06,4991,42385,267622,1069590,2061038,4312101,4911612,4370298,2215244,642719,4463844,55779587,561219168,4766000932,30092916507,120270686893,231754671500,484876862440,552289145477,491420849443,249094444994,72270982346
2025-08-02 12:01:04 PDT-0700,6807211,11734574,13273157,11478587,7905636,3471524,830753,133082,16900,1988,83,4,39.70,496.06,4991,42385,267622,1069590,2061038,4312101,4911612,4370298,2215244,642719,4463844,55779587,561219168,4766000932,30092916507,120270686893,231754671500,484876862440,552289145477,491420849443,249094444994,72270982346
2025-08-03 00:01:05 PDT-0700,6812329,11739244,13285312,11487315,7907509,3471772,830779,133078,16899,1989,83,4,39.73,496.34,4995,42411,267669,1069662,2061148,4311305,4911360,4371532,2215064,642719,4509787,56344171,567049347,4814464986,30385710302,121427514240,233980511082,489417278471,557535219943,496254161113,251452942032,72961203705
2025-08-03 00:01:05 PDT-0700,6812329,11739244,13285312,11487315,7907509,3471772,830779,133078,16899,1989,83,4,39.73,496.34,4995,42411,267669,1069662,2061148,4311305,4911360,4371532,2215064,642719,4509787,56344171,567049347,4814464986,30385710302,121427514240,233980511082,489417278471,557535219943,496254161113,251452942032,72961203705
2025-08-03 12:01:04 PDT-0700,6815950,11740237,13279974,11478965,7907721,3472046,830826,133098,16895,1989,83,4,39.75,496.40,4993,42389,267687,1069581,2061376,4311731,4910686,4372005,2214896,642719,4540747,56702223,570285982,4841982862,30577371500,122176018912,235466708310,492520041799,560937491646,499405072525,253002984613,73416515602
2025-08-03 12:01:04 PDT-0700,6815950,11740237,13279974,11478965,7907721,3472046,830826,133098,16895,1989,83,4,39.75,496.40,4993,42389,267687,1069581,2061376,4311731,4910686,4372005,2214896,642719,4540747,56702223,570285982,4841982862,30577371500,122176018912,235466708310,492520041799,560937491646,499405072525,253002984613,73416515602
2025-08-04 00:01:05 PDT-0700,6818995,11742677,13279579,11485772,7908911,3472067,830836,133101,16898,1987,83,4,39.77,496.57,4992,42412,267715,1069533,2061295,4311822,4912081,4370371,2215408,642719,4543382,56729073,570310433,4845205734,30584201252,122185137190,235485562380,492589208640,561163716215,499277963584,253091593242,73425264791
2025-08-04 00:01:05 PDT-0700,6818995,11742677,13279579,11485772,7908911,3472067,830836,133101,16898,1987,83,4,39.77,496.57,4992,42412,267715,1069533,2061295,4311822,4912081,4370371,2215408,642719,4543382,56729073,570310433,4845205734,30584201252,122185137190,235485562380,492589208640,561163716215,499277963584,253091593242,73425264791
2025-08-04 12:01:04 PDT-0700,6820314,11744971,13270457,11483481,7910913,3471926,830889,133198,16909,1988,83,4,39.79,496.65,4987,42411,267785,1069361,2061387,4311420,4911977,4370866,2215670,642719,4582881,57208966,574488351,4885263752,30845886640,123178661828,237449113443,496628251448,565805793714,503475675181,255220874059,74034221944
2025-08-04 12:01:04 PDT-0700,6820314,11744971,13270457,11483481,7910913,3471926,830889,133198,16909,1988,83,4,39.79,496.65,4987,42411,267785,1069361,2061387,4311420,4911977,4370866,2215670,642719,4582881,57208966,574488351,4885263752,30845886640,123178661828,237449113443,496628251448,565805793714,503475675181,255220874059,74034221944
2025-08-05 00:01:04 PDT-0700,6823620,11747474,13281517,11489566,7912706,3472125,830904,133212,16909,1989,83,4,39.80,496.77,4992,42430,267839,1069489,2061281,4313918,4906114,4371814,2218283,642719,4553208,56824732,570990466,4853428576,30637511318,122336670700,235785709207,493460330016,561200457487,500082953739,253744943496,73519381895
2025-08-05 00:01:04 PDT-0700,6823620,11747474,13281517,11489566,7912706,3472125,830904,133212,16909,1989,83,4,39.80,496.77,4992,42430,267839,1069489,2061281,4313918,4906114,4371814,2218283,642719,4553208,56824732,570990466,4853428576,30637511318,122336670700,235785709207,493460330016,561200457487,500082953739,253744943496,73519381895
2025-08-05 12:01:04 PDT-0700,6827137,11737384,13253190,11481819,7913226,3472472,830940,133205,16900,1992,83,4,39.83,496.16,4982,42416,267860,1069595,2061502,4314924,4902252,4371019,2221822,642719,4518458,56286041,565134323,4811766618,30386901420,121338250007,233863286032,489498618962,556127061606,495862254931,252050586718,72912137550
2025-08-05 12:01:04 PDT-0700,6827137,11737384,13253190,11481819,7913226,3472472,830940,133205,16900,1992,83,4,39.83,496.16,4982,42416,267860,1069595,2061502,4314924,4902252,4371019,2221822,642719,4518458,56286041,565134323,4811766618,30386901420,121338250007,233863286032,489498618962,556127061606,495862254931,252050586718,72912137550
2025-08-06 00:01:04 PDT-0700,6829939,11740149,13268984,11490281,7916082,3473024,830998,133218,16899,1993,83,4,39.84,496.28,4988,42441,267933,1069771,2061694,4314394,4902332,4370267,2222750,642719,4544121,56598205,568859427,4840271025,30556663581,122003032616,235127760436,492038900493,559090756250,498411032229,253495532266,73299515884
2025-08-06 00:01:04 PDT-0700,6829939,11740149,13268984,11490281,7916082,3473024,830998,133218,16899,1993,83,4,39.84,496.28,4988,42441,267933,1069771,2061694,4314394,4902332,4370267,2222750,642719,4544121,56598205,568859427,4840271025,30556663581,122003032616,235127760436,492038900493,559090756250,498411032229,253495532266,73299515884
2025-08-06 12:01:03 PDT-0700,6835998,11756105,13315701,11488132,7915485,3469988,830852,133213,16899,1990,83,4,39.88,497.09,5001,42436,267937,1069065,2061342,4313951,4907309,4368740,2221041,642719,4605240,57402957,577513923,4900376838,30940769904,123453441719,238039587873,498166360263,566686182806,504493341105,256481394141,74219956237
2025-08-06 12:01:04 PDT-0700,6835998,11756105,13315701,11488132,7915485,3469988,830852,133213,16899,1990,83,4,39.88,497.09,5001,42436,267937,1069065,2061342,4313951,4907309,4368740,2221041,642719,4605240,57402957,577513923,4900376838,30940769904,123453441719,238039587873,498166360263,566686182806,504493341105,256481394141,74219956237
2025-08-06 18:02:43 PDT-0700,6836729,11765674,13341436,11501171,7918053,3469894,830858,133210,16889,1994,83,4,39.88,497.68,5011,42476,268002,1069037,2061695,4314194,4903248,4372491,2220752,642719,4584768,57208811,576047130,4882613167,30807009845,122886604007,236993414697,495919965412,563632255577,502621308924,255277179996,73881114374
2025-08-07 00:01:04 PDT-0700,6838972,11770422,13337858,11494716,7916574,3469611,830841,133194,16892,1995,83,4,39.90,497.86,5007,42455,267957,1069004,2061591,4313751,4903413,4373368,2220511,642719,4570824,57035442,573665430,4863652692,30697510691,122466532276,236178518698,494188857076,561741266876,501018716312,254384580150,73630773317
2025-08-07 00:01:05 PDT-0700,6838972,11770422,13337858,11494716,7916574,3469611,830841,133194,16892,1995,83,4,39.90,497.86,5007,42455,267957,1069004,2061591,4313751,4903413,4373368,2220511,642719,4570824,57035442,573665430,4863652692,30697510691,122466532276,236178518698,494188857076,561741266876,501018716312,254384580150,73630773317
2025-08-07 11:39:08 PDT-0700,6840702,11775311,13339225,11491377,7916380,3469712,831205,133269,16877,1994,83,4,39.91,498.03,5008,42444,267967,1068997,2063452,4314191,4901207,4373551,2220477,642719,4642793,57930696,582503660,4937035517,31169959864,124345708655,240020685390,501826523898,570108219361,508731348520,258285859630,74761109175
2025-08-07 12:01:03 PDT-0700,6840549,11776097,13338810,11491020,7916314,3469730,831218,133287,16880,1993,83,4,39.91,498.07,5007,42442,267964,1069002,2063488,4314558,4902590,4371831,2220423,642719,4642670,57934489,582467042,4936834143,31169280616,124345247019,240022847485,501865164161,570264455249,508527056095,258277383770,74760501902
2025-08-07 12:01:03 PDT-0700,6840549,11776097,13338810,11491020,7916314,3469730,831218,133287,16880,1993,83,4,39.91,498.07,5007,42442,267964,1069002,2063488,4314558,4902590,4371831,2220423,642719,4642670,57934489,582467042,4936834143,31169280616,124345247019,240022847485,501865164161,570264455249,508527056095,258277383770,74760501902
2025-08-08 00:01:04 PDT-0700,6839032,11780995,13351007,11496610,7917482,3469534,831152,133200,16914,1990,83,4,39.90,498.32,5012,42464,267976,1069032,2063313,4312958,4910484,4368213,2218108,642719,4654022,58119472,584523735,4952619357,31254129558,124681693065,240645029425,503022068773,572711723497,509466441870,258698817687,74960635716
2025-08-08 05:01:03 PDT-0700,6837365,11786689,13354086,11486187,7916096,3469405,831188,133239,16907,1992,83,4,39.90,498.53,5012,42435,267931,1069112,2063274,4313670,4907892,4370260,2218063,642719,4660773,58229216,585392982,4956489840,31295008795,124875105415,240995905217,503848281391,573254967622,510458120664,259075712787,75071365061
2025-08-08 12:01:04 PDT-0700,6840058,11831271,13369874,11492425,7917452,3469650,831148,133275,16907,1993,83,4,39.92,500.28,5014,42455,267974,1069148,2063234,4314053,4907288,4369892,2218722,642719,4652073,58298507,584344221,4947322678,31227255037,124588812013,240430621108,502720745379,571850914136,509227710946,258549796482,74896717753
2025-08-08 17:01:03 PDT-0700,6841282,11855198,13383651,11497327,7919178,3469733,831173,133240,16913,1994,83,4,39.93,501.21,5018,42472,268015,1069151,2063339,4314267,4907534,4371750,2216305,642719,4660368,58499272,585689527,4957098245,31281406065,124785990109,240822806709,503540054020,572783191507,510249179337,258676187557,75015057247
2025-08-09 00:01:05 PDT-0700,6842109,11872661,13386879,11498365,7920025,3469594,831228,133253,16914,1992,83,4,39.94,501.87,5018,42477,268047,1069162,2063295,4314725,4910060,4368066,2217097,642719,4657261,58528151,585239340,4953673405,31259645309,124685784454,240621771936,503183911247,572611953775,509404567064,258558240488,74954047600
2025-08-09 05:01:04 PDT-0700,6842670,11886621,13393851,11495391,7919722,3469714,831251,133248,16913,1993,83,4,39.94,502.33,5020,42469,268030,1069156,2063395,4314728,4908775,4369347,2217087,642719,4680124,58863386,588200114,4976570487,31407817288,125284023541,241789363000,505601269647,575211965162,512001542828,259799037395,75314092303
2025-08-09 12:01:04 PDT-0700,6844043,11896131,13397082,11495017,7919844,3470005,831221,133260,16911,1993,83,4,39.95,502.69,5021,42472,268028,1069219,2063360,4315331,4908288,4368735,2217637,642719,4660537,58644547,585704732,4954827902,31268406121,124736351600,240714006006,503431521303,572606532343,509661645103,258712040479,74980399105
2025-08-09 17:01:04 PDT-0700,6848423,11899311,13393147,11492976,7920093,3469879,831191,133265,16907,1993,83,4,39.98,502.76,5018,42470,268029,1069216,2063245,4315624,4907882,4368817,2217884,642719,4657124,58565347,584587895,4947311425,31222306839,124551226401,240343939875,502719805280,571711008941,508916241349,258357629979,74869322049
2025-08-10 00:01:05 PDT-0700,6849440,11907716,13398694,11498460,7920619,3470012,831219,133225,16915,1992,83,4,39.99,503.15,5020,42488,268040,1069247,2063318,4314613,4909902,4368136,2217565,642719,4710657,59274376,591398234,5005431818,31577098538,125965175832,243074087047,508293183538,578422570099,514598631352,261245504523,75717088650
2025-08-10 05:01:03 PDT-0700,6850142,11907088,13396154,11488385,7919551,3469893,831228,133262,16910,1994,83,4,39.99,503.01,5019,42468,268015,1069224,2063252,4314590,4907543,4370387,2217919,642719,4733314,59537284,594038887,5026639275,31722941788,126556024145,244211643468,510685528023,580868939911,517289757691,262518318502,76073864879
2025-08-10 12:01:04 PDT-0700,6851753,11916810,13400659,11489138,7919545,3469771,831241,133229,16911,1993,83,4,40.00,503.39,5020,42473,268013,1069160,2063383,4314178,4908385,4369330,2218590,642719,4741860,59675417,595141250,5035066547,31771998302,126745295424,244607096736,511431218375,581872488460,517969353406,263006315597,76192223160
2025-08-10 17:01:03 PDT-0700,6852256,11926634,13407735,11491285,7919700,3469638,831179,133243,16903,1994,83,4,40.00,503.80,5023,42480,268018,1069148,2063202,4313816,4906525,4370738,2219661,642719,4767150,60037240,598571914,5062316932,31939511708,127409447296,245869987424,514073804343,584706404318,520857199457,264515181410,76592341165
2025-08-11 00:01:04 PDT-0700,6853085,11932090,13409250,11494507,7920537,3469404,831159,133248,16909,1990,83,4,40.01,504.01,5023,42488,268045,1069095,2063160,4313917,4909915,4366223,2220878,642719,4888063,61577129,613694421,5190923914,32748264394,130616214517,252065507033,527050729315,599866484784,533441114190,271334737662,78523937834
2025-08-11 05:01:03 PDT-0700,6856138,11933738,13406379,11483528,7919655,3469593,831066,133237,16906,1994,83,4,40.02,504.06,5022,42469,268026,1069031,2062836,4312933,4905786,4369058,2223702,642719,4828519,60812170,605859184,5123709181,32336090006,128973565193,248871447894,520335193827,591860106123,527106299537,268279271254,77541092030
2025-08-11 12:01:04 PDT-0700,6857580,11935526,13405588,11483362,7919427,3469293,831073,133178,16907,1995,82,4,40.03,504.12,5021,42471,268014,1068950,2062834,4312582,4906313,4376163,2216631,642719,4789622,60314706,600756056,5081406377,32066312990,127893506367,246805793127,515974781253,587011157236,523581854942,265206779650,76897566382
2025-08-11 17:01:03 PDT-0700,6858853,11938765,13405833,11477808,7919202,3468940,831019,133219,16914,1992,82,4,40.04,504.27,5021,42455,267999,1068826,2062506,4312647,4911205,4372434,2215996,642719,4753441,59864463,596017793,5039996509,31815410482,126885542143,244850098273,511975285187,583032956584,519072875783,263071596349,76300348405
2025-08-12 00:01:05 PDT-0700,6860182,11942351,13417791,11483837,7919837,3468893,831025,133153,16921,1991,83,4,40.05,504.46,5025,42470,268013,1068838,2062556,4312467,4911913,4363085,2224837,642719,4765001,60018302,597874069,5052843704,31886817427,127164697603,245392108837,513074673324,584393644097,519096916141,264699461264,76467394132
2025-08-12 05:01:03 PDT-0700,6862332,11943424,13414483,11479962,7919939,3468890,830980,133166,16912,1995,83,4,40.07,504.50,5024,42460,268014,1068873,2062456,4312601,4908236,4369570,2222042,642719,4749825,59808908,595579927,5033666048,31773025814,126714765216,244504003162,511258570718,581871086215,518012188064,263422887371,76194351267
2025-08-12 12:01:04 PDT-0700,6863963,11946117,13412820,11477657,7920005,3469205,830992,133159,16929,1995,82,4,40.08,504.65,5023,42452,268028,1068971,2062425,4312250,4912759,4373108,2214375,642719,4793975,60365448,600872545,5078046308,32060989008,127868204438,246703226404,515823010155,587654645414,523102673798,264879204760,76880855188
2025-08-12 17:01:04 PDT-0700,6864904,11943648,13406631,11472183,7919059,3469107,830977,133154,16925,1994,82,4,40.08,504.60,5021,42442,268004,1068931,2062590,4311680,4911700,4373287,2215840,642719,4818656,60659766,603526798,5102026560,32217355677,128498823080,247948952423,518317569179,590447479967,525723509906,266371503001,77262877313
2025-08-13 00:01:03 PDT-0700,6865970,11949157,13417712,11476068,7919619,3468736,830863,133153,16923,1994,83,4,40.09,504.84,5025,42457,268015,1068818,2062300,4312002,4910147,4364871,2226016,642719,4778785,60175286,598940747,5060655746,31946315650,127398882203,245818055061,513973613490,585270163957,520275493817,265332358955,76609633498
